{"cameraMode":{"drawMode":0,"name":"Shaded","section":"Shading Mode"},"sceneLighting":true,"audioPlay":false,"sceneViewState":{"showFog":true,"showMaterialUpdate":false,"showSkybox":true,"showFlares":true,"showImageEffects":true,"showParticleSystems":true},"in2DMode":false,"pivot":{"x":9.357805252075196,"y":5.07756233215332,"z":12.834659576416016},"rotation":{"x":0.019140487536787988,"y":0.19078631699085236,"z":-0.0037208138965070249,"w":0.9814379811286926},"size":14.140721321105957,"orthographic":false}